latitude,longitude,elevation_m,slope_deg,rainfall_mm,existing_wells_500m,existing_wells_2km,avg_depth_nearby,depth_m,yield_lpm,success,is_synthetic_background
13.030246,77.654879,894.0,0.0,1034.8,7,58,339.63,335.28,87.27,1,0
13.02971,77.61375,904.0,1.146,1034.8,8,30,246.89,243.84,45.84,1,0
13.029947,77.610308,912.0,1.226,1034.8,5,33,268.22,243.84,159.58,1,0
12.92345,77.542189,872.0,0.84,1034.8,0,15,,207.26,84.42,1,0
13.040178,77.510662,886.0,0.877,1034.8,0,39,,243.84,92.97,1,0
12.984157,77.653896,912.0,0.0,1034.8,4,33,243.84,243.84,96.61,1,0
13.076589,77.631229,921.0,0.311,1034.8,1,7,243.84,274.32,89.61,1,0
13.093918,77.619227,910.0,0.375,1034.8,1,11,243.84,243.84,101.45,1,0
13.070737,77.639929,910.0,0.0,1034.8,2,12,347.47,335.28,78.87,1,0
12.982908,77.655358,910.0,0.69,1034.8,4,28,243.84,243.84,60.66,1,0
13.048122,77.567776,909.0,1.472,1034.8,2,13,228.6,243.84,74.03,1,0
13.049449,77.567484,910.0,0.0,1034.8,3,14,243.84,213.36,82.33,1,0
13.027743,77.613909,905.0,0.474,1034.8,8,31,246.89,243.84,81.54,1,0
13.066965,77.589115,906.0,0.779,1034.8,1,9,274.32,304.8,88.77,1,0
13.033509,77.654237,896.0,0.31,1034.8,5,60,341.38,121.92,131.59,1,0
13.048614,77.611327,895.0,0.0,1034.8,2,10,243.84,243.84,70.46,1,0
12.999995,77.666001,896.0,0.715,1034.8,0,17,,243.84,121.57,1,0
13.078692,77.60564,906.0,0.095,1034.8,0,6,,243.84,72.2,1,0
12.945167,77.627768,889.0,1.303,1034.8,15,50,341.27,298.7,89.86,1,0
13.050042,77.60939,905.0,2.325,1034.8,2,12,243.84,243.84,106.55,1,0
13.027213,77.615559,895.0,1.726,1034.8,7,29,247.32,243.84,67.81,1,0
12.941593,77.629346,886.0,0.502,1034.8,13,43,345.48,396.24,54.32,1,0
13.076687,77.629533,920.0,0.311,1034.8,1,8,274.32,243.84,65.71,1,0
13.019566,77.61061,901.0,0.928,1034.8,6,31,255.02,243.84,99.37,1,0
12.918468,77.545592,858.0,1.231,1034.8,4,14,248.41,396.24,73.29,1,0
13.048685,77.611187,895.0,0.0,1034.8,2,10,243.84,243.84,104.59,1,0
12.954879,77.55206,882.0,8.625,1034.8,24,35,217.93,213.36,113.68,1,0
12.902286,77.576438,906.0,0.678,1034.8,4,9,213.36,274.32,70.97,1,0
13.026273,77.65088,903.0,1.435,1034.8,20,59,331.77,365.76,77.72,1,0
12.96663,77.548985,866.0,1.675,1034.8,0,30,,243.84,87.28,1,0
12.965154,77.672144,886.0,1.07,1034.8,15,25,217.02,256.03,69.87,1,0
12.995418,77.641243,902.0,1.811,1034.8,17,34,212.64,182.88,129.26,1,0
12.976096,77.538888,890.0,0.398,1034.8,0,15,,243.84,71.58,1,0
13.027353,77.66595,900.0,1.974,1034.8,3,44,284.48,243.84,77.97,1,0
13.066202,77.591715,910.0,0.779,1034.8,1,7,304.8,274.32,90.97,1,0
12.993975,77.641548,903.0,1.22,1034.8,17,37,213.54,167.64,99.82,1,0
12.925395,77.482355,801.0,1.689,1034.8,0,8,,182.88,110.66,1,0
12.948437,77.627102,890.0,0.596,1034.8,5,53,289.56,304.8,108.96,1,0
12.929597,77.491619,817.0,11.838,1034.8,1,7,152.4,304.8,74.75,1,0
12.943652,77.628563,888.0,2.892,1034.8,16,46,332.52,365.76,95.92,1,0
13.047067,77.515518,909.0,0.0,1034.8,16,47,224.22,243.84,90.79,1,0
13.039411,77.517974,904.0,0.158,1034.8,1,36,243.84,243.84,93.49,1,0
13.012643,77.628555,898.0,2.645,1034.8,5,15,240.79,259.08,80.39,1,0
12.974745,77.518844,840.0,2.275,1034.8,2,19,167.64,182.88,85.3,1,0
13.035011,77.61042,908.0,3.55,1034.8,2,25,167.64,289.56,40.38,1,0
13.023915,77.645572,889.0,0.724,1034.8,6,62,299.21,426.72,72.55,1,0
13.070718,77.562065,908.0,0.753,1034.8,2,13,190.5,182.88,108.86,1,0
12.984119,77.654462,912.0,0.0,1034.8,4,33,243.84,243.84,83.92,1,0
13.018216,77.612121,902.0,1.53,1034.8,7,32,235.13,274.32,33.47,1,0
13.061625,77.562133,909.0,0.894,1034.8,2,18,137.16,158.5,102.23,1,0
13.053597,77.568616,909.0,0.12,1034.8,2,15,167.64,243.84,96.52,1,0
12.964715,77.671206,889.0,1.524,1034.8,11,24,208.37,188.98,146.62,1,0
13.028552,77.649757,895.0,1.865,1034.8,18,59,353.4,259.08,120.25,1,0
12.995933,77.527725,885.0,3.591,1034.8,3,13,218.44,243.84,77.85,1,0
12.971815,77.521085,878.0,0.469,1034.8,5,20,177.39,152.4,107.83,1,0
13.085895,77.613928,890.0,0.316,1034.8,0,7,,243.84,61.31,1,0
12.954655,77.550392,882.0,0.0,1034.8,24,35,219.2,182.88,70.26,1,0
12.995536,77.653485,910.0,2.347,1034.8,3,42,254.0,277.37,55.75,1,0
13.006555,77.506215,931.0,2.011,1034.8,1,6,158.5,274.32,75.88,1,0
13.020635,77.653962,910.0,0.334,1034.8,13,64,288.62,365.76,82.48,1,0
12.95229,77.552675,861.0,0.0,1034.8,25,35,216.53,198.12,66.41,1,0
12.983827,77.656609,913.0,1.012,1034.8,4,27,243.84,243.84,78.6,1,0
13.039384,77.651136,889.0,1.231,1034.8,4,61,220.98,243.84,88.32,1,0
13.09766,77.625198,921.0,1.495,1034.8,3,11,304.8,274.32,89.78,1,0
12.954392,77.550416,882.0,0.0,1034.8,24,35,219.2,182.88,67.7,1,0
12.935471,77.633078,885.0,0.0,1034.8,7,40,226.42,243.84,49.02,1,0
13.028005,77.666218,902.0,0.0,1034.8,3,44,284.48,243.84,76.17,1,0
12.982053,77.665558,900.0,0.0,1034.8,6,24,218.95,121.92,124.46,1,0
13.054049,77.656587,889.0,0.636,1034.8,0,18,,243.84,104.58,1,0
13.048258,77.567445,910.0,1.472,1034.8,2,13,228.6,243.84,111.32,1,0
13.05896,77.564728,914.0,0.447,1034.8,2,19,140.21,152.4,127.33,1,0
13.016552,77.602725,910.0,0.931,1034.8,6,29,227.58,243.84,97.91,1,0
13.02596,77.660947,899.0,1.264,1034.8,2,55,358.14,243.84,75.02,1,0
12.990993,77.530324,898.0,2.722,1034.8,2,16,260.61,182.88,142.23,1,0
13.067178,77.648602,893.0,0.822,1034.8,3,13,284.48,182.88,103.7,1,0
13.027868,77.666037,902.0,0.0,1034.8,3,45,284.48,243.84,78.63,1,0
13.047942,77.50926,903.0,1.476,1034.8,11,48,236.36,304.8,102.83,1,0
13.016683,77.603277,911.0,0.931,1034.8,6,29,227.58,243.84,85.01,1,0
13.027725,77.647388,887.0,0.397,1034.8,17,56,347.29,381.0,81.08,1,0
13.060084,77.554028,912.0,0.825,1034.8,1,15,167.64,182.88,84.13,1,0
12.898973,77.57576,907.0,0.347,1034.8,4,9,228.6,213.36,85.81,1,0
12.943527,77.628035,888.0,2.005,1034.8,16,46,338.23,274.32,38.31,1,0
13.094414,77.623427,913.0,1.121,1034.8,3,12,274.32,243.84,62.29,1,0
12.971437,77.5255,882.0,1.211,1034.8,4,20,142.5,164.59,98.57,1,0
13.094897,77.627314,911.0,1.495,1034.8,2,11,259.08,304.8,70.79,1,0
13.022117,77.656535,910.0,2.216,1034.8,13,59,290.97,365.76,86.95,1,0
12.900305,77.573927,899.0,3.029,1034.8,4,10,243.84,152.4,122.93,1,0
13.013774,77.647207,900.0,0.154,1034.8,1,55,320.04,274.32,100.97,1,0
13.074385,77.537307,917.0,2.311,1034.8,1,15,182.88,182.88,115.08,1,0
13.023311,77.654588,905.0,1.666,1034.8,16,61,312.23,243.84,137.44,1,0
13.026869,77.613247,904.0,0.474,1034.8,8,31,239.27,304.8,52.56,1,0
12.995733,77.642365,906.0,0.0,1034.8,15,35,204.42,213.36,60.12,1,0
12.936059,77.63389,886.0,0.0,1034.8,7,39,222.07,274.32,43.35,1,0
12.928857,77.574785,909.0,0.0,1034.8,1,2,137.16,137.16,285.17,1,0
12.984674,77.665657,902.0,0.0,1034.8,6,23,207.26,192.02,61.75,1,0
12.952712,77.55265,866.0,9.666,1034.8,25,35,216.53,198.12,86.19,1,0
12.993133,77.641613,901.0,2.426,1034.8,17,37,211.75,198.12,103.7,1,0
13.027753,77.615298,897.0,1.726,1034.8,7,29,247.32,243.84,68.11,1,0
12.92849,77.539133,849.0,0.0,1034.8,3,14,143.25,137.16,93.09,1,0
12.965955,77.640587,892.0,0.936,1034.8,3,13,172.72,188.98,70.63,1,0
13.057407,77.598352,908.0,0.318,1034.8,0,13,,243.84,125.43,1,0
12.99348,77.638344,901.0,0.915,1034.8,12,33,213.61,213.36,93.27,1,0
13.045852,77.509688,896.0,0.579,1034.8,9,44,264.5,256.03,62.56,1,0
13.045815,77.639453,886.0,11.943,1034.8,4,23,358.14,323.09,84.3,1,0
12.98911,77.530505,908.0,2.722,1034.8,2,17,164.59,262.13,64.91,1,0
13.025743,77.64727,893.0,4.781,1034.8,14,56,352.7,310.9,86.73,1,0
13.047225,77.515743,909.0,0.0,1034.8,16,48,223.84,249.94,68.55,1,0
12.993477,77.640167,902.0,3.129,1034.8,17,34,210.85,213.36,92.98,1,0
13.027945,77.557807,918.0,1.022,1034.8,1,3,167.64,243.84,96.44,1,0
13.016467,77.601322,918.0,1.908,1034.8,7,27,240.79,76.2,228.71,1,0
12.958348,77.635912,895.0,0.0,1034.8,3,29,236.73,228.6,47.6,1,0
13.058565,77.513413,887.0,5.266,1034.8,5,56,262.13,243.84,102.07,1,0
13.053407,77.644327,888.0,2.744,1034.8,3,23,243.84,365.76,70.24,1,0
13.02318,77.651257,906.0,1.645,1034.8,16,65,329.37,274.32,78.57,1,0
13.027035,77.650099,900.0,2.976,1034.8,20,59,345.64,396.24,81.79,1,0
13.047935,77.511481,901.0,0.831,1034.8,17,48,237.57,316.99,81.77,1,0
13.006211,77.653303,916.0,0.0,1034.8,2,44,289.56,60.96,166.39,1,0
13.067827,77.55802,913.0,0.0,1034.8,2,14,205.74,182.88,104.27,1,0
13.049607,77.573188,898.0,1.035,1034.8,0,12,,228.6,89.37,1,0
12.919332,77.544928,864.0,2.862,1034.8,4,16,313.18,137.16,92.46,1,0
12.997278,77.528927,886.0,0.0,1034.8,4,12,215.64,213.36,95.09,1,0
13.029058,77.614709,902.0,0.0,1034.8,8,29,246.89,243.84,98.76,1,0
12.971012,77.523182,880.0,0.469,1034.8,4,20,172.21,167.64,121.54,1,0
12.93628,77.633993,886.0,0.0,1034.8,7,39,230.78,213.36,38.47,1,0
12.945824,77.626742,888.0,4.875,1034.8,14,52,336.91,304.8,41.69,1,0
12.958082,77.635885,895.0,0.0,1034.8,3,30,236.73,228.6,49.94,1,0
13.033092,77.641805,890.0,0.315,1034.8,2,54,388.62,396.24,65.9,1,0
12.99447,77.64297,905.0,0.619,1034.8,14,36,198.34,198.12,99.83,1,0
12.940344,77.630159,888.0,0.496,1034.8,14,40,316.23,298.7,32.17,1,0
13.067694,77.650593,900.0,1.797,1034.8,3,13,264.16,243.84,103.84,1,0
13.014818,77.601887,911.0,1.564,1034.8,6,23,223.52,268.22,105.79,1,0
13.068332,77.602531,908.0,0.827,1034.8,0,7,,213.36,87.25,1,0
13.065459,77.648944,899.0,2.355,1034.8,3,14,274.32,213.36,76.39,1,0
13.045132,77.513913,905.0,0.852,1034.8,15,46,244.86,249.94,60.84,1,0
13.108945,77.632135,931.0,1.152,1034.8,1,9,73.15,304.8,85.59,1,0
12.996007,77.65576,904.0,2.972,1034.8,3,48,275.34,213.36,120.43,1,0
12.902878,77.464326,775.0,0.386,1034.8,1,1,152.4,213.36,92.37,1,0
13.04418,77.601269,890.0,0.0,1034.8,3,12,191.01,170.69,120.13,1,0
13.023973,77.65074,903.0,1.645,1034.8,16,65,318.71,390.14,74.91,1,0
12.972324,77.529186,888.0,2.881,1034.8,3,19,138.18,158.5,119.67,1,0
13.061567,77.551205,917.0,0.0,1034.8,2,16,170.69,167.64,93.65,1,0
13.025167,77.650153,899.0,1.569,1034.8,17,60,329.36,365.76,117.92,1,0
12.954348,77.550522,882.0,0.0,1034.8,24,35,219.2,182.88,79.0,1,0
13.063873,77.60025,900.0,1.615,1034.8,1,10,304.8,91.44,200.52,1,0
12.984683,77.654231,915.0,2.544,1034.8,4,34,243.84,243.84,108.72,1,0
13.061038,77.531598,908.0,3.462,1034.8,5,25,213.97,304.8,93.99,1,0
12.966203,77.519784,848.0,4.355,1034.8,2,20,185.93,182.88,68.81,1,0
12.952448,77.552647,861.0,0.0,1034.8,25,35,213.97,262.13,72.97,1,0
12.997366,77.528534,886.0,0.0,1034.8,4,12,223.26,182.88,88.95,1,0
12.94059,77.629124,887.0,0.502,1034.8,11,44,360.36,274.32,47.98,1,0
12.937916,77.63284,889.0,0.0,1034.8,8,39,246.89,152.4,93.57,1,0
13.022192,77.652293,909.0,1.277,1034.8,14,66,320.91,259.08,100.67,1,0
13.054764,77.508308,899.0,2.881,1034.8,5,54,274.32,256.03,47.17,1,0
13.006673,77.64696,909.0,3.742,1034.8,6,45,272.8,228.6,57.92,1,0
13.062919,77.550221,917.0,0.0,1034.8,1,22,167.64,158.5,128.42,1,0
13.03029,77.655076,894.0,0.0,1034.8,7,58,335.28,365.76,76.29,1,0
13.035025,77.609825,912.0,3.55,1034.8,2,25,220.98,182.88,96.1,1,0
13.046017,77.639385,891.0,11.943,1034.8,4,21,358.14,323.09,73.09,1,0
13.009368,77.711117,878.0,0.0,1034.8,3,7,340.36,365.76,98.67,1,0
12.945858,77.627373,887.0,0.837,1034.8,14,51,332.99,359.66,84.74,1,0
13.100596,77.627795,917.0,0.32,1034.8,5,10,243.84,365.76,71.17,1,0
13.026742,77.614451,897.0,3.637,1034.8,7,31,261.26,146.3,83.03,1,0
13.104576,77.631156,921.0,0.787,1034.8,5,10,249.94,73.15,172.4,1,0
12.91893,77.546308,860.0,1.231,1034.8,4,15,294.13,213.36,86.62,1,0
12.993348,77.637782,902.0,0.915,1034.8,10,30,205.13,304.8,86.73,1,0
13.056267,77.509412,910.0,2.663,1034.8,5,54,269.44,310.9,82.63,1,0
12.955122,77.551416,883.0,0.766,1034.8,24,35,217.93,213.36,60.59,1,0
12.954137,77.553125,873.0,4.12,1034.8,25,35,213.48,274.32,99.37,1,0
12.953057,77.552988,866.0,0.0,1034.8,25,35,218.36,152.4,90.1,1,0
13.025432,77.653602,899.0,0.289,1034.8,19,59,332.71,365.76,86.79,1,0
12.992747,77.642755,907.0,0.0,1034.8,15,37,198.32,213.36,93.23,1,0
12.935477,77.633082,885.0,0.0,1034.8,7,40,226.42,243.84,48.64,1,0
12.942807,77.626345,891.0,2.391,1034.8,16,46,330.61,396.24,43.37,1,0
13.050922,77.508833,908.0,0.372,1034.8,9,55,244.52,243.84,93.96,1,0
13.07156,77.64007,909.0,0.618,1034.8,2,11,350.52,329.18,88.93,1,0
12.967567,77.640221,895.0,0.0,1034.8,3,13,179.83,167.64,127.9,1,0
13.013449,77.631691,907.0,1.89,1034.8,5,19,243.84,243.84,105.95,1,0
12.928964,77.539134,849.0,0.0,1034.8,3,15,140.21,146.3,89.94,1,0
13.02824,77.657938,896.0,0.313,1034.8,6,59,347.98,350.52,72.62,1,0
13.025758,77.599047,908.0,0.248,1034.8,1,29,274.32,286.51,60.38,1,0
12.956728,77.63628,895.0,0.0,1034.8,3,31,243.84,207.26,65.18,1,0
13.070738,77.639905,910.0,0.0,1034.8,2,12,332.23,365.76,87.18,1,0
13.029217,77.64925,892.0,1.865,1034.8,17,59,345.5,335.28,87.53,1,0
13.049797,77.509665,907.0,0.372,1034.8,10,53,255.12,182.88,70.32,1,0
13.058448,77.58292,913.0,1.43,1034.8,0,13,,152.4,88.29,1,0
13.052545,77.64331,895.0,0.98,1034.8,4,22,274.32,182.88,179.16,1,0
12.952788,77.553745,868.0,0.0,1034.8,24,35,210.95,304.8,107.17,1,0
12.962747,77.672233,896.0,1.339,1034.8,12,22,213.36,164.59,83.03,1,0
13.013436,77.630852,904.0,5.842,1034.8,5,18,243.84,243.84,98.15,1,0
13.02732,77.642774,892.0,1.69,1034.8,6,57,343.92,243.84,83.83,1,0
13.03172,77.642717,889.0,0.315,1034.8,5,58,357.84,411.48,67.66,1,0
13.066514,77.647511,891.0,0.822,1034.8,3,13,213.36,396.24,41.04,1,0
13.022133,77.653588,909.0,2.717,1034.8,15,64,308.66,243.84,106.88,1,0
13.073346,77.560457,912.0,0.521,1034.8,2,12,190.5,182.88,139.51,1,0
13.038708,77.61038,900.0,1.115,1034.8,2,20,236.22,152.4,148.56,1,0
13.01584,77.61125,902.0,0.402,1034.8,7,30,246.02,198.12,111.94,1,0
13.030502,77.648882,890.0,2.741,1034.8,13,63,346.77,414.53,61.22,1,0
13.023016,77.654945,905.0,1.143,1034.8,15,61,300.53,304.8,123.69,1,0
12.950976,77.52345,832.0,3.963,1034.8,1,7,200.86,152.4,112.14,1,0
13.061965,77.561003,907.0,0.894,1034.8,1,18,158.5,121.92,134.13,1,0
13.045226,77.509038,895.0,0.579,1034.8,6,43,286.0,243.84,62.87,1,0
13.031167,77.682524,891.0,0.0,1034.8,1,4,243.84,243.84,77.41,1,0
13.065737,77.63975,900.0,3.295,1034.8,1,14,365.76,396.24,67.83,1,0
12.961343,77.671797,899.0,0.0,1034.8,10,22,199.34,182.88,151.59,1,0
13.047371,77.601824,894.0,0.0,1034.8,2,12,192.03,207.26,122.12,1,0
13.06245,77.495764,876.0,0.0,1034.8,1,18,243.84,243.84,90.17,1,0
13.013315,77.643802,899.0,0.154,1034.8,1,54,274.32,320.04,126.14,1,0
13.076532,77.54172,919.0,1.001,1034.8,0,13,,91.44,143.09,1,0
12.9589,77.641327,888.0,1.506,1034.8,3,12,309.88,304.8,108.7,1,0
13.022998,77.65226,907.0,1.277,1034.8,17,63,333.31,213.36,105.81,1,0
12.953782,77.550733,875.0,5.968,1034.8,24,35,216.66,243.84,99.46,1,0
13.103261,77.629368,919.0,1.625,1034.8,5,10,220.67,280.42,82.15,1,0
12.964696,77.666121,898.0,0.51,1034.8,3,25,185.93,243.84,100.51,1,0
12.953276,77.552971,866.0,0.0,1034.8,25,35,220.8,91.44,215.35,1,0
13.022634,77.654172,905.0,2.717,1034.8,16,63,307.28,323.09,115.56,1,0
12.995077,77.642385,906.0,0.0,1034.8,16,36,205.36,207.26,80.89,1,0
12.98464,77.667197,894.0,2.942,1034.8,6,23,193.55,274.32,41.79,1,0
12.957952,77.64173,885.0,0.0,1034.8,3,13,325.12,259.08,93.64,1,0
13.027428,77.64339,890.0,1.69,1034.8,9,56,339.01,365.76,74.83,1,0
12.943916,77.627115,884.0,2.108,1034.8,15,47,334.77,365.76,33.47,1,0
13.045505,77.64099,892.0,2.021,1034.8,4,25,347.47,365.76,76.67,1,0
13.027335,77.661845,895.0,1.264,1034.8,5,54,265.18,365.76,114.99,1,0
13.013585,77.628806,903.0,2.645,1034.8,5,15,243.84,243.84,59.51,1,0
13.036501,77.65727,890.0,0.407,1034.8,3,61,251.97,243.84,97.35,1,0
13.055139,77.642192,897.0,1.713,1034.8,3,21,243.84,365.76,94.85,1,0
13.058243,77.512362,898.0,5.266,1034.8,6,53,257.05,274.32,63.73,1,0
13.073416,77.568556,919.0,0.824,1034.8,0,10,,76.2,171.78,1,0
13.026298,77.556612,914.0,1.022,1034.8,1,3,243.84,167.64,112.87,1,0
12.94164,77.626914,885.0,2.391,1034.8,16,43,328.71,426.72,48.64,1,0
12.945542,77.626595,885.0,4.875,1034.8,14,52,349.1,134.11,108.92,1,0
12.962964,77.669568,895.0,1.375,1034.8,11,22,205.05,195.07,193.45,1,0
13.026387,77.655149,898.0,0.289,1034.8,14,60,332.23,365.76,81.51,1,0
12.995315,77.655725,900.0,2.972,1034.8,3,48,255.02,274.32,90.78,1,0
13.006188,77.648982,907.0,0.978,1034.8,6,47,229.62,304.8,104.25,1,0
13.035476,77.52782,926.0,0.461,1034.8,0,16,,213.36,94.14,1,0
13.022593,77.650087,904.0,0.804,1034.8,14,66,320.26,426.72,78.83,1,0
13.052956,77.511378,911.0,0.953,1034.8,10,55,219.46,256.03,83.84,1,0
12.993888,77.643658,910.0,0.0,1034.8,14,36,192.89,274.32,73.92,1,0
13.056892,77.565778,912.0,0.447,1034.8,2,19,198.12,121.92,96.7,1,0
13.055798,77.533972,913.0,0.679,1034.8,2,21,190.5,335.28,83.96,1,0
13.041384,77.664461,885.0,0.302,1034.8,0,22,,243.84,74.7,1,0
13.047298,77.601811,894.0,0.0,1034.8,2,12,188.97,213.36,88.67,1,0
12.966485,77.672855,888.0,0.0,1034.8,9,26,224.87,274.32,33.53,1,0
12.944862,77.626335,887.0,1.42,1034.8,15,51,337.82,350.52,110.88,1,0
13.048482,77.64507,886.0,1.052,1034.8,2,24,182.88,182.88,144.37,1,0
13.011348,77.508082,926.0,2.777,1034.8,2,6,170.69,182.88,86.27,1,0
13.047187,77.510465,899.0,0.831,1034.8,14,47,238.4,304.8,73.58,1,0
12.968458,77.520778,863.0,0.794,1034.8,4,20,171.45,188.98,88.37,1,0
13.026445,77.64945,895.0,2.976,1034.8,19,59,335.76,365.76,73.08,1,0
12.994212,77.64045,900.0,0.863,1034.8,17,35,212.1,192.02,104.66,1,0
13.022005,77.657236,912.0,0.0,1034.8,9,58,289.9,335.28,104.2,1,0
12.952298,77.553125,861.0,0.0,1034.8,24,35,216.03,182.88,77.8,1,0
13.032805,77.556507,909.0,0.127,1034.8,0,3,,152.4,133.11,1,0
13.01435,77.514456,917.0,0.81,1034.8,1,6,182.88,198.12,86.79,1,0
12.943698,77.629838,889.0,0.574,1034.8,16,41,334.42,335.28,67.33,1,0
12.994522,77.63829,902.0,0.494,1034.8,12,31,205.99,304.8,66.83,1,0
12.944594,77.629778,890.0,0.574,1034.8,16,45,332.52,365.76,98.1,1,0
13.02994,77.64767,889.0,1.938,1034.8,13,60,334.58,365.76,77.18,1,0
13.049385,77.515532,914.0,1.405,1034.8,15,50,212.95,219.46,85.09,1,0
13.009911,77.508524,926.0,1.634,1034.8,3,6,213.36,158.5,109.11,1,0
12.99337,77.643735,910.0,0.0,1034.8,14,36,199.43,182.88,90.83,1,0
13.073562,77.536956,913.0,2.311,1034.8,1,15,182.88,182.88,109.78,1,0
13.020528,77.515919,922.0,0.406,1034.8,0,6,,243.84,97.48,1,0
13.051713,77.660964,883.0,0.636,1034.8,0,12,,265.18,97.53,1,0
13.045118,77.638162,884.0,0.0,1034.8,4,21,341.38,390.14,99.48,1,0
12.963109,77.670515,896.0,0.552,1034.8,11,22,215.58,109.73,168.76,1,0
12.95203,77.551877,857.0,2.512,1034.8,24,35,219.58,173.74,77.18,1,0
12.966002,77.672613,888.0,0.0,1034.8,10,26,221.89,274.32,166.34,1,0
12.961705,77.670214,900.0,0.451,1034.8,9,22,189.31,228.6,113.13,1,0
13.060293,77.495605,873.0,0.939,1034.8,1,18,243.84,243.84,92.53,1,0
13.075453,77.532222,893.0,2.067,1034.8,0,13,,152.4,138.81,1,0
12.954306,77.55186,882.0,0.0,1034.8,24,35,218.57,198.12,104.17,1,0
13.010806,77.50821,929.0,2.777,1034.8,2,6,170.69,182.88,93.8,1,0
13.016062,77.602332,915.0,0.0,1034.8,6,28,224.53,262.13,118.66,1,0
12.959176,77.519725,848.0,1.272,1034.8,2,14,228.6,182.88,111.76,1,0
12.93672,77.632832,889.0,0.0,1034.8,8,40,246.89,152.4,101.97,1,0
12.936816,77.632612,889.0,0.0,1034.8,8,41,231.65,274.32,87.63,1,0
13.007505,77.648085,904.0,1.061,1034.8,6,52,270.26,243.84,148.64,1,0
13.02916,77.654102,899.0,1.945,1034.8,12,59,328.93,411.48,67.33,1,0
13.022958,77.619837,898.0,2.119,1034.8,0,29,,243.84,100.29,1,0
13.016382,77.609992,898.0,24.337,1034.8,6,28,260.1,213.36,121.5,1,0
12.993019,77.642256,904.0,2.772,1034.8,17,37,210.85,213.36,96.93,1,0
13.047028,77.519357,913.0,3.329,1034.8,9,48,202.52,249.94,100.98,1,0
13.030312,77.646462,883.0,2.503,1034.8,12,61,333.5,417.58,74.65,1,0
13.04274,77.599402,890.0,0.0,1034.8,1,13,170.69,152.4,107.64,1,0
12.996487,77.656465,908.0,2.458,1034.8,3,47,255.02,274.32,45.83,1,0
13.016293,77.602134,915.0,0.0,1034.8,6,28,225.55,256.03,81.39,1,0
12.901748,77.576988,907.0,0.678,1034.8,4,9,220.98,243.84,61.44,1,0
13.006945,77.64354,914.0,0.0,1034.8,5,43,263.35,243.84,96.28,1,0
13.065892,77.63977,901.0,3.295,1034.8,1,14,396.24,365.76,79.89,1,0
12.9433,77.628508,886.0,2.892,1034.8,16,47,334.8,329.18,79.98,1,0
13.054076,77.508507,903.0,2.881,1034.8,6,55,250.95,304.8,90.83,1,0
12.993722,77.531076,896.0,0.365,1034.8,4,14,205.74,259.08,85.62,1,0
13.006456,77.644533,914.0,0.0,1034.8,6,43,277.88,198.12,90.41,1,0
12.962568,77.679715,892.0,0.799,1034.8,3,22,215.39,396.24,40.08,1,0
12.957817,77.641738,885.0,0.0,1034.8,3,13,279.4,396.24,28.6,1,0
13.061733,77.574812,913.0,1.33,1034.8,0,18,,256.03,80.64,1,0
12.969707,77.528589,873.0,0.974,1034.8,2,20,161.55,91.44,159.95,1,0
12.957487,77.639735,887.0,0.521,1034.8,6,20,270.76,274.32,125.92,1,0
13.02839,77.652534,902.0,0.0,1034.8,14,60,357.27,365.76,80.86,1,0
13.070522,77.561392,909.0,0.753,1034.8,3,13,182.88,198.12,100.57,1,0
12.966531,77.676455,883.0,2.049,1034.8,8,23,257.56,243.84,67.17,1,0
12.952523,77.522028,848.0,3.963,1034.8,1,7,152.4,200.86,88.88,1,0
13.013346,77.630697,902.0,5.842,1034.8,5,18,243.84,243.84,114.65,1,0
13.012561,77.517153,912.0,0.81,1034.8,1,7,198.12,182.88,112.17,1,0
12.966553,77.521193,860.0,4.355,1034.8,2,20,185.93,182.88,76.67,1,0
13.006538,77.653748,916.0,0.0,1034.8,1,42,60.96,274.32,79.97,1,0
13.103883,77.629494,917.0,1.625,1034.8,5,10,197.51,396.24,67.48,1,0
13.05202,77.643338,894.0,0.98,1034.8,4,22,274.32,182.88,187.4,1,0
13.030438,77.640487,897.0,1.634,1034.8,4,56,354.33,365.76,71.42,1,0
12.962471,77.668989,897.0,1.375,1034.8,10,22,206.96,106.68,190.24,1,0
12.929278,77.491749,809.0,11.838,1034.8,2,7,274.32,152.4,78.63,1,0
13.061338,77.532125,904.0,3.462,1034.8,5,25,222.5,262.13,96.36,1,0
13.025848,77.646505,886.0,4.781,1034.8,14,56,346.38,243.84,81.01,1,0
12.967212,77.63855,891.0,1.816,1034.8,3,14,184.91,152.4,229.07,1,0
13.029056,77.614383,902.0,0.0,1034.8,8,30,239.27,304.8,107.54,1,0
13.103302,77.630846,923.0,0.787,1034.8,5,10,259.69,85.34,146.61,1,0
12.961531,77.558755,896.0,0.619,1034.8,1,35,213.36,243.84,99.66,1,0
12.963255,77.668857,895.0,0.0,1034.8,10,22,192.02,256.03,104.21,1,0
12.992687,77.643112,907.0,0.0,1034.8,14,37,201.6,152.4,82.99,1,0
13.041635,77.653835,881.0,0.0,1034.8,4,52,257.56,182.88,86.17,1,0
13.036187,77.649697,891.0,0.767,1034.8,2,64,297.18,182.88,101.91,1,0
13.032847,77.65007,896.0,1.393,1034.8,9,64,302.43,350.52,82.85,1,0
13.016349,77.610043,901.0,24.337,1034.8,6,28,257.56,228.6,118.59,1,0
12.957797,77.517183,841.0,2.818,1034.8,2,13,201.17,237.74,91.03,1,0
12.981955,77.66565,900.0,0.0,1034.8,6,23,208.79,182.88,63.6,1,0
12.968116,77.639254,895.0,0.0,1034.8,3,14,169.67,198.12,65.52,1,0
12.95804,77.515325,831.0,2.818,1034.8,2,13,210.31,219.46,135.99,1,0
13.017165,77.602314,915.0,3.514,1034.8,6,28,225.04,259.08,81.4,1,0
12.942576,77.628143,889.0,1.916,1034.8,16,44,329.75,409.96,90.67,1,0
13.030943,77.648031,885.0,2.741,1034.8,9,64,353.23,365.76,74.92,1,0
12.975664,77.532264,895.0,1.496,1034.8,2,19,170.69,158.5,153.92,1,0
13.041405,77.653875,881.0,0.0,1034.8,4,53,265.18,152.4,78.37,1,0
12.970478,77.66321,912.0,1.12,1034.8,0,32,,243.84,85.82,1,0
13.064649,77.556109,913.0,0.0,1034.8,1,13,182.88,213.36,89.56,1,0
13.102195,77.627992,916.0,0.32,1034.8,5,10,240.18,182.88,102.94,1,0
13.02346,77.654866,904.0,1.666,1034.8,15,61,304.6,243.84,143.64,1,0
12.92232,77.472243,826.0,2.398,1034.8,0,3,,121.92,110.3,1,0
13.033087,77.682915,891.0,0.0,1034.8,1,4,243.84,243.84,75.36,1,0
13.038385,77.556697,905.0,0.496,1034.8,0,6,,274.32,90.26,1,0
12.937649,77.633105,889.0,0.0,1034.8,8,38,231.65,274.32,50.22,1,0
13.045878,77.51721,903.0,0.0,1034.8,14,46,218.15,243.84,122.3,1,0
12.968543,77.719033,893.0,1.451,1034.8,5,11,128.63,365.76,27.58,1,0
12.941063,77.612375,904.0,0.937,1034.8,10,39,246.89,350.52,37.94,1,0
13.056211,77.518799,901.0,6.682,1034.8,3,64,86.36,121.92,104.05,1,0
12.97323,77.519321,847.0,2.275,1034.8,3,19,167.64,182.88,86.91,1,0
13.044603,77.637556,884.0,0.0,1034.8,4,21,350.52,353.57,73.64,1,0
13.057314,77.533926,911.0,0.679,1034.8,5,22,253.59,167.64,84.39,1,0
13.009261,77.711704,878.0,0.0,1034.8,1,7,365.76,365.76,96.96,1,0
13.017908,77.610775,898.0,1.53,1034.8,6,31,239.78,335.28,73.34,1,0
12.98717,77.527149,898.0,0.0,1034.8,1,22,262.13,146.3,85.51,1,0
12.961772,77.675088,899.0,0.229,1034.8,5,22,204.82,243.84,107.56,1,0
12.980784,77.736742,884.0,0.0,1034.8,2,10,175.26,396.24,58.84,1,0
13.108155,77.565817,906.0,0.787,1034.8,0,2,,121.92,109.22,1,0
12.981579,77.528909,877.0,0.0,1034.8,4,23,213.36,121.92,100.09,1,0
13.099382,77.564286,931.0,0.388,1034.8,1,2,176.78,182.88,81.38,1,0
12.969418,77.673257,892.0,0.697,1034.8,4,29,262.13,365.76,119.5,1,0
12.97717,77.528702,878.0,3.313,1034.8,5,20,190.2,182.88,67.5,1,0
12.90657,77.557556,882.0,1.281,1034.8,0,7,,182.88,108.37,1,0
12.920871,77.483061,816.0,1.689,1034.8,0,8,,188.98,86.54,1,0
12.993909,77.639922,899.0,3.129,1034.8,17,35,212.64,182.88,110.98,1,0
12.933295,77.625478,889.0,24.791,1034.8,1,48,365.76,213.36,42.81,1,0
13.01414,77.630671,902.0,1.42,1034.8,5,18,246.89,228.6,73.57,1,0
12.938553,77.615446,904.0,0.0,1034.8,9,44,252.31,152.4,57.26,1,0
13.044358,77.520217,917.0,1.491,1034.8,5,43,208.48,195.07,56.38,1,0
12.956205,77.558427,891.0,1.018,1034.8,1,35,167.64,76.2,139.25,1,0
12.94258,77.611831,901.0,0.962,1034.8,8,40,268.61,182.88,45.23,1,0
12.937645,77.617028,905.0,0.0,1034.8,4,44,182.88,243.84,42.06,1,0
13.105668,77.593135,907.0,0.779,1034.8,0,1,,121.92,101.66,1,0
12.938634,77.617266,905.0,0.0,1034.8,4,44,220.98,91.44,142.06,1,0
13.019927,77.607507,904.0,0.508,1034.8,4,31,255.27,280.42,55.51,1,0
13.039572,77.655818,884.0,0.517,1034.8,4,65,236.22,268.22,57.16,1,0
12.996962,77.673468,904.0,2.02,1034.8,3,16,386.08,243.84,34.86,1,0
12.931592,77.552212,893.0,1.122,1034.8,2,20,167.64,182.88,94.23,1,0
12.995672,77.76846,865.0,1.06,1034.8,4,8,341.38,274.32,78.82,1,0
12.997508,77.734328,878.0,0.0,1034.8,6,16,319.53,411.48,81.4,1,0
13.000688,77.531243,900.0,1.28,1034.8,4,11,193.55,176.78,89.46,1,0
12.94223,77.5985345,916.0,0.0,1034.8,3,14,264.16,213.36,62.05,1,0
13.045326,77.515489,902.0,2.401,1034.8,14,46,233.61,243.84,74.24,1,0
13.013126,77.708901,873.0,0.646,1034.8,2,5,335.28,350.52,71.72,1,0
12.995415,77.769383,863.0,0.735,1034.8,4,8,371.86,152.4,77.17,1,0
12.969877,77.682582,891.0,0.724,1034.8,1,21,259.08,256.03,98.61,1,0
12.983252,77.712182,897.0,0.586,1034.8,2,17,289.56,365.76,58.72,1,0
12.996117,77.725885,873.0,0.0,1034.8,1,17,289.56,137.16,156.25,1,0
13.045041,77.580516,902.0,0.0,1034.8,1,8,91.44,128.02,147.9,1,0
12.995595,77.682707,896.0,0.453,1034.8,0,6,,335.28,121.64,1,0
13.045194,77.580482,902.0,0.0,1034.8,1,8,128.02,91.44,144.91,1,0
12.969465,77.68398,889.0,0.724,1034.8,1,20,256.03,259.08,121.8,1,0
12.901901,77.461775,777.0,0.386,1034.8,1,1,213.36,152.4,105.19,1,0
12.922261,77.630534,899.0,1.435,1034.8,5,16,231.65,259.08,76.08,1,0
13.086328,77.58688,912.0,1.512,1034.8,3,7,117.86,152.4,119.06,1,0
12.980476,77.526428,888.0,1.005,1034.8,4,23,175.26,274.32,73.16,1,0
12.939443,77.611454,906.0,0.0,1034.8,9,35,248.92,243.84,33.95,1,0
13.08475,77.588585,910.0,2.18,1034.8,2,9,121.92,140.21,83.97,1,0
12.926493,77.551872,893.0,0.407,1034.8,2,14,167.64,91.44,127.82,1,0
12.930115,77.55304,896.0,0.918,1034.8,3,17,167.64,106.68,139.12,1,0
13.065909,77.516242,889.0,0.0,1034.8,4,41,266.7,128.02,123.03,1,0
12.909504,77.578463,918.0,0.826,1034.8,0,5,,304.8,48.13,1,0
13.055603,77.518318,911.0,6.682,1034.8,4,64,129.54,45.72,253.68,1,0
12.965117,77.680122,888.0,1.909,1034.8,4,22,252.98,274.32,76.32,1,0
12.946085,77.55627,892.0,1.652,1034.8,4,38,120.39,167.64,81.09,1,0
13.056062,77.516337,902.0,2.337,1034.8,7,62,158.93,152.4,98.85,1,0
13.003017,77.533525,892.0,5.135,1034.8,2,11,173.74,207.26,91.2,1,0
12.93248,77.557165,907.0,4.117,1034.8,0,19,,121.92,71.44,1,0
12.965842,77.678637,882.0,1.909,1034.8,4,22,272.8,195.07,67.98,1,0
12.942095,77.599825,909.0,0.933,1034.8,3,16,213.36,365.76,148.84,1,0
13.007551,77.703176,885.0,0.328,1034.8,1,5,121.92,91.44,97.5,1,0
12.998102,77.736652,879.0,0.406,1034.8,6,14,322.07,396.24,43.85,1,0
12.924842,77.493151,803.0,0.0,1034.8,2,7,228.6,182.88,89.58,1,0
12.998616,77.73809,881.0,0.69,1034.8,3,11,360.68,259.08,98.69,1,0
13.056385,77.508427,905.0,2.663,1034.8,5,54,280.42,256.03,59.18,1,0
13.062262,77.511288,890.0,0.0,1034.8,9,52,265.85,335.28,60.69,1,0
13.068414,77.528547,899.0,0.957,1034.8,4,28,205.74,243.84,86.36,1,0
12.920797,77.628196,891.0,0.374,1034.8,5,16,252.98,152.4,75.04,1,0
12.993491,77.640703,902.0,0.0,1034.8,17,36,212.64,182.88,112.07,1,0
12.939965,77.612436,906.0,0.0,1034.8,10,38,251.46,304.8,51.99,1,0
12.988998,77.72173,881.0,1.152,1034.8,3,23,360.68,243.84,74.71,1,0
12.960347,77.618251,892.0,0.633,1034.8,5,16,146.3,79.25,121.59,1,0
12.999428,77.671876,902.0,0.612,1034.8,3,12,335.28,396.24,75.91,1,0
13.061688,77.53355,906.0,0.72,1034.8,4,24,236.98,152.4,88.9,1,0
12.987373,77.710912,903.0,0.713,1034.8,1,14,365.76,274.32,101.92,1,0
13.022108,77.657012,912.0,0.0,1034.8,9,58,300.06,243.84,66.48,1,0
12.997837,77.761923,869.0,0.0,1034.8,2,8,377.95,365.76,82.37,1,0
12.981407,77.665747,897.0,7.741,1034.8,6,24,183.39,335.28,43.27,1,0
12.997735,77.735405,878.0,0.0,1034.8,6,16,342.39,274.32,106.12,1,0
12.99827,77.762403,869.0,0.0,1034.8,2,8,377.95,365.76,80.2,1,0
13.03818,77.655327,888.0,1.4,1034.8,5,64,218.24,365.76,102.84,1,0
12.995702,77.71847,885.0,1.526,1034.8,1,21,274.32,304.8,108.27,1,0
12.955092,77.552167,886.0,8.625,1034.8,23,35,219.19,274.32,129.44,1,0
13.005908,77.64564,915.0,0.426,1034.8,6,41,248.92,371.86,112.05,1,0
12.982186,77.717432,893.0,1.02,1034.8,2,19,419.1,365.76,59.93,1,0
12.918547,77.548878,864.0,0.0,1034.8,4,15,285.75,246.89,104.95,1,0
12.998226,77.732575,875.0,4.72,1034.8,5,17,335.89,390.14,63.32,1,0
13.026648,77.646642,886.0,0.0,1034.8,15,56,350.52,249.94,86.43,1,0
12.995923,77.768887,864.0,1.06,1034.8,4,8,310.89,396.24,83.34,1,0
13.063858,77.59894,904.0,1.615,1034.8,1,10,91.44,304.8,104.98,1,0
13.088287,77.585715,910.0,0.455,1034.8,3,7,142.24,121.92,106.2,1,0
13.061284,77.508831,893.0,1.407,1034.8,4,50,285.75,228.6,84.57,1,0
12.981288,77.66591,894.0,7.741,1034.8,6,25,218.95,121.92,74.86,1,0
12.953999,77.55424,874.0,4.228,1034.8,23,35,221.18,152.4,121.97,1,0
12.947647,77.560307,892.0,2.846,1034.8,5,36,142.04,152.4,91.71,1,0
12.991983,77.760778,879.0,1.337,1034.8,1,8,390.14,243.84,94.12,1,0
12.938849,77.6162,904.0,0.0,1034.8,6,46,215.9,335.28,45.81,1,0
13.060941,77.509902,890.0,1.407,1034.8,6,50,274.32,243.84,82.91,1,0
12.967979,77.718106,896.0,1.451,1034.8,5,11,149.96,259.08,70.1,1,0
13.052945,77.513597,915.0,0.906,1034.8,7,53,163.72,182.88,106.12,1,0
12.970958,77.719212,888.0,3.111,1034.8,5,11,183.49,91.44,132.63,1,0
12.918883,77.548828,864.0,0.0,1034.8,4,15,248.41,396.24,48.92,1,0
12.96266,77.556469,893.0,0.619,1034.8,1,34,243.84,213.36,98.98,1,0
12.985593,77.719549,885.0,1.061,1034.8,3,23,350.52,396.24,86.5,1,0
13.067118,77.50646,887.0,0.903,1034.8,3,31,284.48,304.8,71.72,1,0
12.952202,77.496921,851.0,0.62,1034.8,0,0,,243.84,67.44,1,0
12.984898,77.665785,902.0,0.0,1034.8,6,23,204.72,207.26,56.72,1,0
12.955255,77.54954,878.0,2.011,1034.8,18,35,211.33,243.84,85.39,1,0
13.048226,77.514074,909.0,0.0,1034.8,16,49,229.55,213.36,90.24,1,0
12.953292,77.554054,868.0,0.0,1034.8,24,35,213.49,243.84,67.39,1,0
12.941642,77.609046,907.0,1.605,1034.8,7,24,278.67,228.6,54.29,1,0
12.980926,77.627625,898.0,0.884,1034.8,0,10,,121.92,127.3,1,0
13.044292,77.51809,911.0,2.285,1034.8,10,42,234.7,152.4,88.42,1,0
12.955641,77.550811,882.0,0.656,1034.8,23,35,221.84,213.36,103.38,1,0
12.980862,77.736759,887.0,24.691,1034.8,2,10,297.18,152.4,79.96,1,0
13.017166,77.596833,915.0,0.349,1034.8,1,17,76.2,152.4,101.43,1,0
13.015492,77.615613,908.0,0.0,1034.8,4,32,224.79,243.84,23.7,1,0
13.065125,77.529973,894.0,1.454,1034.8,6,26,231.65,274.32,74.98,1,0
12.952515,77.554072,868.0,0.0,1034.8,24,35,207.65,384.05,74.29,1,0
12.9942805,77.717535,890.0,1.526,1034.8,2,20,327.66,274.32,127.75,1,0
12.950644,77.551073,857.0,0.0,1034.8,18,35,215.73,128.02,112.41,1,0
12.990905,77.718483,894.0,1.539,1034.8,3,17,284.48,350.52,71.88,1,0
12.971702,77.719379,891.0,0.0,1034.8,5,13,180.44,106.68,113.15,1,0
12.92841,77.540618,858.0,3.196,1034.8,2,15,141.73,137.16,88.24,1,0
12.947435,77.559597,888.0,2.846,1034.8,4,36,131.82,121.92,160.35,1,0
12.889788,77.572725,906.0,0.0,1034.8,3,8,182.88,213.36,120.61,1,0
12.984336,77.718793,888.0,1.061,1034.8,2,22,381.0,441.96,25.39,1,0
12.965327,77.676086,888.0,2.049,1034.8,9,22,266.87,176.78,28.76,1,0
12.981391,77.632328,897.0,0.112,1034.8,0,25,,243.84,102.55,1,0
12.959676,77.617778,891.0,0.815,1034.8,5,15,140.82,106.68,84.89,1,0
12.998697,77.557218,902.0,0.277,1034.8,0,0,,243.84,75.67,1,0
12.995428,77.762551,869.0,0.0,1034.8,3,8,325.12,390.14,66.46,1,0
13.015213,77.614787,910.0,1.21,1034.8,4,33,240.03,182.88,90.18,1,0
13.084625,77.586892,917.0,2.18,1034.8,3,8,138.18,91.44,138.22,1,0
13.089302,77.580552,913.0,0.723,1034.8,3,8,178.82,152.4,174.21,1,0
12.971679,77.719284,891.0,0.0,1034.8,5,13,184.1,88.39,136.78,1,0
12.919964,77.629321,892.0,0.374,1034.8,5,14,240.79,213.36,40.59,1,0
13.011742,77.5419989,887.0,0.0,1034.8,1,4,182.88,182.88,86.77,1,0
13.064759,77.508105,892.0,1.652,1034.8,7,37,269.97,320.04,67.19,1,0
13.04607,77.514696,907.0,2.401,1034.8,15,46,240.79,274.32,75.2,1,0
13.007396,77.706392,883.0,0.328,1034.8,1,7,91.44,121.92,69.29,1,0
13.050522,77.512806,906.0,1.227,1034.8,15,53,239.17,121.92,141.77,1,0
12.981494,77.712226,895.0,0.586,1034.8,1,17,365.76,304.8,91.84,1,0
12.979228,77.528827,869.0,2.142,1034.8,4,21,190.5,213.36,93.5,1,0
13.069856,77.5278,902.0,0.957,1034.8,1,27,243.84,213.36,81.39,1,0
12.92874,77.535113,835.0,1.837,1034.8,2,14,141.73,146.3,83.11,1,0
13.02975,77.650015,898.0,3.37,1034.8,14,59,370.77,259.08,98.0,1,0
12.989082,77.672015,897.0,0.239,1034.8,0,20,,243.84,38.35,1,0
12.977188,77.635402,892.0,0.629,1034.8,0,19,,152.4,98.62,1,0
12.923011,77.631337,896.0,0.0,1034.8,6,18,256.54,213.36,95.51,1,0
13.004529,77.532027,871.0,5.135,1034.8,2,11,192.02,170.69,88.48,1,0
13.089669,77.581471,912.0,0.533,1034.8,4,8,156.97,182.88,97.58,1,0
12.922902,77.631422,896.0,0.0,1034.8,6,18,251.46,243.84,81.18,1,0
12.95606,77.551876,884.0,1.022,1034.8,23,35,219.19,274.32,65.79,1,0
12.99707,77.67164,897.0,2.02,1034.8,3,17,345.44,365.76,91.29,1,0
12.942438,77.598845,916.0,0.0,1034.8,3,14,264.16,213.36,166.71,1,0
12.94365,77.61916,890.0,0.0,1034.8,1,48,182.88,231.65,41.33,1,0
13.022128,77.657037,912.0,0.0,1034.8,9,58,296.67,274.32,90.83,1,0
12.924786,77.492641,803.0,0.0,1034.8,2,7,213.36,213.36,84.21,1,0
13.064144,77.511876,882.0,2.094,1034.8,9,44,276.01,243.84,81.51,1,0
12.926342,77.528954,854.0,1.514,1034.8,0,6,,365.76,78.57,1,0
12.998383,77.73242,873.0,4.72,1034.8,5,14,367.59,231.65,50.81,1,0
13.046169,77.51228,902.0,0.507,1034.8,16,46,240.41,289.56,65.04,1,0
12.96327,77.673366,898.0,0.843,1034.8,14,22,207.26,243.84,111.95,1,0
12.980807,77.736738,884.0,0.0,1034.8,2,10,274.32,198.12,60.55,1,0
13.028984,77.596368,906.0,0.248,1034.8,1,24,286.51,274.32,84.1,1,0
12.994913,77.767507,866.0,0.43,1034.8,4,8,304.8,420.62,57.4,1,0
13.0660601,77.510657,883.0,2.352,1034.8,7,35,285.21,259.08,70.29,1,0
12.907269,77.60929,898.0,0.821,1034.8,0,0,,289.56,39.4,1,0
12.919169,77.632007,888.0,0.753,1034.8,5,14,216.41,335.28,81.16,1,0
13.066667,77.532232,898.0,0.0,1034.8,4,22,232.41,167.64,133.84,1,0
13.065084,77.514616,889.0,1.497,1034.8,7,42,255.6,274.32,70.5,1,0
12.958997,77.617025,890.0,0.515,1034.8,5,14,143.87,91.44,189.6,1,0
13.046841,77.513578,909.0,0.772,1034.8,17,47,240.08,243.84,64.09,1,0
12.929041,77.574858,909.0,0.0,1034.8,1,2,137.16,137.16,114.22,1,0
13.013514,77.709616,874.0,0.646,1034.8,2,5,358.14,304.8,89.5,1,0
13.01237,77.54014,881.0,1.612,1034.8,1,4,182.88,182.88,85.38,1,0
12.944988,77.563835,927.0,3.748,1034.8,2,35,121.92,213.36,92.88,1,0
12.999918,77.671174,903.0,0.612,1034.8,3,13,335.28,396.24,63.66,1,0
12.899157,77.574248,906.0,3.029,1034.8,4,10,220.98,243.84,101.8,1,0
12.998962,77.732335,873.0,0.0,1034.8,5,13,340.77,365.76,67.76,1,0
13.015287,77.616228,908.0,0.0,1034.8,2,32,213.36,243.84,104.65,1,0
13.0532,77.515328,918.0,0.906,1034.8,9,54,145.97,182.88,81.38,1,0
12.947322,77.557244,887.0,1.652,1034.8,4,38,133.35,115.82,213.95,1,0
12.991177,77.721217,886.0,1.152,1034.8,2,18,297.18,335.28,77.13,1,0
12.981139,77.5286,877.0,0.0,1034.8,4,23,198.12,182.88,106.06,1,0
13.058852,77.53378,909.0,0.667,1034.8,5,22,244.45,213.36,75.56,1,0
12.939221,77.611379,906.0,0.0,1034.8,9,35,242.15,304.8,53.23,1,0
12.94073,77.614707,899.0,1.123,1034.8,11,42,252.15,152.4,63.51,1,0
13.050232,77.517758,922.0,1.77,1034.8,9,57,201.85,121.92,122.3,1,0
13.04518,77.512516,903.0,0.507,1034.8,13,45,264.24,243.84,87.12,1,0
13.067335,77.510983,877.0,2.352,1034.8,6,33,274.32,274.32,67.56,1,0
13.067553,77.533475,909.0,5.078,1034.8,3,18,203.2,243.84,85.46,1,0
13.098698,77.566403,934.0,1.927,1034.8,1,6,182.88,176.78,85.95,1,0
12.93972,77.611259,906.0,0.0,1034.8,9,35,248.92,243.84,47.9,1,0
12.941558,77.599692,908.0,0.933,1034.8,3,16,264.16,213.36,93.05,1,0
13.092658,77.581502,909.0,0.517,1034.8,3,9,178.82,152.4,87.11,1,0
12.971838,77.644506,901.0,0.0,1034.8,0,18,,152.4,76.98,1,0
13.050178,77.51202,904.0,1.227,1034.8,13,53,235.63,152.4,77.32,1,0
12.970839,77.719094,889.0,3.111,1034.8,5,11,182.27,97.54,123.89,1,0
12.92536,77.493427,807.0,3.527,1034.8,3,7,182.88,243.84,74.58,1,0
12.969037,77.71054,898.0,0.138,1034.8,0,10,,274.32,93.18,1,0
12.95519,77.553867,883.0,3.719,1034.8,24,35,217.04,274.32,76.51,1,0
12.958099,77.618562,893.0,0.0,1034.8,5,24,122.53,198.12,56.02,1,0
12.889593,77.574725,906.0,1.251,1034.8,3,8,174.75,237.74,70.88,1,0
12.944059,77.618369,890.0,0.0,1034.8,1,48,231.65,182.88,165.88,1,0
13.042467,77.516793,905.0,1.393,1034.8,8,41,219.46,243.84,62.28,1,0
13.078352,77.617133,895.0,0.316,1034.8,0,7,,408.43,26.89,1,0
12.957762,77.617827,893.0,0.0,1034.8,5,24,119.48,213.36,38.54,1,0
12.939338,77.61053,908.0,1.277,1034.8,8,31,251.46,320.04,47.98,1,0
12.996085,77.72578,873.0,0.0,1034.8,1,17,137.16,289.56,80.41,1,0
12.946555,77.56008,898.0,5.149,1034.8,5,37,154.23,91.44,245.47,1,0
13.062208,77.518577,899.0,0.944,1034.8,2,59,216.41,243.84,61.26,1,0
12.960105,77.617302,892.0,0.815,1034.8,5,12,137.77,121.92,87.82,1,0
13.067437,77.513489,878.0,0.211,1034.8,5,33,235.92,243.84,76.7,1,0
12.953522,77.556968,885.0,2.098,1034.8,13,35,215.0,167.64,120.04,1,0
13.062335,77.515218,893.0,2.299,1034.8,6,55,244.86,304.8,81.24,1,0
12.99612,77.770369,863.0,0.0,1034.8,4,8,310.89,396.24,82.45,1,0
13.053568,77.517748,928.0,4.145,1034.8,6,60,134.62,60.96,200.15,1,0
12.920357,77.476894,803.0,2.398,1034.8,0,8,,152.4,87.35,1,0
12.887559,77.57303,910.0,0.0,1034.8,3,8,172.72,243.84,66.24,1,0
13.027353,77.651636,902.0,0.394,1034.8,18,59,346.12,396.24,80.74,1,0
12.888074,77.57407,910.0,0.0,1034.8,3,8,231.65,67.06,194.59,1,0
13.006368,77.647245,912.0,3.742,1034.8,6,45,265.18,274.32,41.9,1,0
13.088642,77.580275,914.0,0.723,1034.8,3,8,162.56,201.17,144.88,1,0
12.924417,77.635582,891.0,0.595,1034.8,2,18,228.6,335.28,103.24,1,0
13.046362,77.517925,903.0,0.0,1034.8,14,46,224.68,152.4,72.99,1,0
13.067002,77.532482,898.0,0.0,1034.8,4,22,232.41,167.64,75.53,1,0
12.933372,77.625466,893.0,24.791,1034.8,1,48,213.36,365.76,32.76,1,0
12.930618,77.551213,890.0,1.122,1034.8,3,16,127.0,228.6,61.0,1,0
13.029119141203397,77.46949316899719,867.0,0.804,1034.8,0,0,,,,0,1
12.948446640676465,77.5306564945283,823.0,0.836,1034.8,0,5,,,,0,1
13.050603416218914,77.67060040162178,879.0,1.073,1034.8,0,3,,,,0,1
13.085075065775905,77.48860380211644,891.0,1.84,1034.8,0,0,,,,0,1
12.980966583972844,77.47097024313527,850.0,1.334,1034.8,0,0,,,,0,1
12.93596238668987,77.61772460977697,902.0,0.852,1034.8,4,43,205.74,,,0,1
12.89343369218443,77.523135105976,829.0,2.812,1034.8,0,0,,,,0,1
13.031434316142258,77.62994067126527,892.0,0.623,1034.8,0,29,,,,0,1
12.936361467551102,77.64361885445001,894.0,0.439,1034.8,0,25,,,,0,1
13.066755571082078,77.46378047824409,861.0,0.118,1034.8,0,0,,,,0,1
13.065956100886257,77.677216628457,879.0,0.0,1034.8,0,0,,,,0,1
12.962885700849853,77.50975504076492,840.0,1.739,1034.8,0,14,,,,0,1
13.09947257320357,77.5656460570545,930.0,1.927,1034.8,2,6,179.83,,,0,1
12.908091631282558,77.49162109359254,793.0,0.143,1034.8,0,4,,,,0,1
13.0751823877882,77.64808123092364,900.0,1.317,1034.8,0,10,,,,0,1
13.066245899907122,77.686965850983,901.0,0.075,1034.8,0,0,,,,0,1
13.00627239225479,77.76207268606946,860.0,0.579,1034.8,0,9,,,,0,1
12.971361211632649,77.63213142656713,888.0,0.714,1034.8,0,16,,,,0,1
13.071177581000313,77.6526464844611,903.0,0.385,1034.8,1,10,243.84,,,0,1
13.078328843832201,77.63994240791337,909.0,0.249,1034.8,0,11,,,,0,1
13.043541340532277,77.47591612984984,866.0,0.557,1034.8,0,0,,,,0,1
12.938012487653394,77.55107838923983,893.0,0.0,1034.8,0,40,,,,0,1
12.905223826603214,77.5336128707857,861.0,0.678,1034.8,0,2,,,,0,1
12.909919302451302,77.54755598607815,876.0,1.174,1034.8,0,8,,,,0,1
13.028290636377918,77.5743600214371,915.0,0.98,1034.8,0,5,,,,0,1
12.969511883586138,77.5264276126539,877.0,0.974,1034.8,4,22,145.54,,,0,1
12.946664152112165,77.75082098584055,868.0,0.942,1034.8,0,0,,,,0,1
13.031024961798202,77.6497491735628,891.0,0.519,1034.8,12,62,358.9,,,0,1
12.925446700769983,77.6867791550867,885.0,0.621,1034.8,0,0,,,,0,1
12.923734024483977,77.57887267259376,925.0,1.27,1034.8,0,3,,,,0,1
13.106625616504033,77.65927508589242,912.0,3.516,1034.8,0,0,,,,0,1
13.010859875975294,77.67304285016998,909.0,0.151,1034.8,0,7,,,,0,1
13.074154615203142,77.7012439167037,915.0,0.823,1034.8,0,0,,,,0,1
12.938267036459845,77.47168094266732,807.0,0.661,1034.8,0,2,,,,0,1
12.957395888497608,77.54439822788085,847.0,2.929,1034.8,0,33,,,,0,1
12.934267647810202,77.75275128038551,872.0,0.974,1034.8,0,0,,,,0,1
13.081574523354279,77.55888270594713,933.0,1.293,1034.8,0,7,,,,0,1
13.032663944354972,77.58386463087592,924.0,0.465,1034.8,0,4,,,,0,1
13.0900270327023,77.60337392859736,896.0,0.279,1034.8,0,8,,,,0,1
12.946199760540338,77.53788276910932,835.0,0.836,1034.8,0,31,,,,0,1
13.011838045749844,77.54285548394053,887.0,0.0,1034.8,2,5,182.88,,,0,1
13.016978154031628,77.73883775494242,862.0,0.13,1034.8,0,0,,,,0,1
12.975980680231013,77.52945607035139,887.0,3.313,1034.8,4,21,178.31,,,0,1
13.108399860551527,77.6190117570708,895.0,0.524,1034.8,0,11,,,,0,1
12.907685071123508,77.47631483075783,785.0,1.789,1034.8,0,5,,,,0,1
12.911833782371811,77.65540108379332,903.0,0.358,1034.8,0,0,,,,0,1
13.062914282158859,77.59205103279459,902.0,1.247,1034.8,1,8,274.32,,,0,1
12.901623144754156,77.5795404221002,900.0,1.448,1034.8,2,10,259.08,,,0,1
13.108086327885834,77.62505651221153,901.0,0.653,1034.8,0,11,,,,0,1
13.102542157706369,77.72740645143135,910.0,0.159,1034.8,0,0,,,,0,1
12.890100737523833,77.68418542912364,900.0,0.92,1034.8,0,0,,,,0,1
13.038480131757318,77.62748082214218,883.0,0.623,1034.8,0,19,,,,0,1
12.946630361502834,77.65957196527094,876.0,0.232,1034.8,0,0,,,,0,1
12.912255089503697,77.59594094776499,914.0,0.736,1034.8,0,2,,,,0,1
12.988007076449398,77.75611687233744,885.0,0.512,1034.8,0,9,,,,0,1
13.081460579058566,77.54305528072749,923.0,0.404,1034.8,0,6,,,,0,1
12.998381757223754,77.51690589842032,884.0,0.048,1034.8,0,16,,,,0,1
13.089602026841193,77.73041180754021,890.0,1.647,1034.8,0,0,,,,0,1
12.953630498599647,77.65895098041868,886.0,0.733,1034.8,0,16,,,,0,1
13.022376479229452,77.50894028123881,906.0,1.17,1034.8,0,8,,,,0,1
13.056368215985438,77.62822413242074,901.0,0.805,1034.8,0,11,,,,0,1
13.059936001598105,77.6254389611174,894.0,0.393,1034.8,0,9,,,,0,1
12.887685609796181,77.5618076142553,904.0,0.095,1034.8,0,7,,,,0,1
12.89187087808983,77.74848925838756,905.0,0.126,1034.8,0,0,,,,0,1
13.082095721643764,77.71842199236768,884.0,0.732,1034.8,0,0,,,,0,1
12.955638322166394,77.4796503588291,845.0,0.118,1034.8,0,1,,,,0,1
13.081938033129386,77.75399791712229,870.0,0.268,1034.8,0,0,,,,0,1
12.906521475139499,77.61174874103673,894.0,0.821,1034.8,1,1,289.56,,,0,1
12.902881682613641,77.69649226458539,895.0,0.128,1034.8,0,0,,,,0,1
13.057104020966557,77.50139583559584,886.0,0.179,1034.8,0,47,,,,0,1
12.992779864557766,77.63144109013098,908.0,0.498,1034.8,0,21,,,,0,1
12.946238826854524,77.73100260188066,861.0,0.246,1034.8,0,0,,,,0,1
12.981235816029313,77.5271346554102,890.0,1.005,1034.8,5,24,195.07,,,0,1
13.00695160391053,77.68702734833475,902.0,0.163,1034.8,0,6,,,,0,1
12.93209102931959,77.55796877719771,914.0,4.117,1034.8,1,18,121.92,,,0,1
13.10787113547373,77.66232346931919,890.0,3.516,1034.8,0,0,,,,0,1
12.984548225177496,77.62149579908854,890.0,0.59,1034.8,0,3,,,,0,1
12.914347634906491,77.53111525002392,845.0,0.873,1034.8,0,11,,,,0,1
12.962406410261575,77.64332354066359,887.0,0.128,1034.8,2,13,246.89,,,0,1
12.938503180190626,77.52973276353745,822.0,1.69,1034.8,0,7,,,,0,1
12.903275875339196,77.65652958599581,909.0,0.358,1034.8,0,0,,,,0,1
12.938243505750815,77.74118218349362,877.0,0.728,1034.8,0,0,,,,0,1
13.077870242720577,77.48364115303154,860.0,1.362,1034.8,0,0,,,,0,1
12.940249893984413,77.66821752851557,881.0,0.471,1034.8,0,0,,,,0,1
12.93498802983651,77.50260564264545,820.0,0.259,1034.8,0,5,,,,0,1
13.094668755665193,77.63799547234163,922.0,0.599,1034.8,0,10,,,,0,1
12.992201747831063,77.70390384661958,913.0,0.582,1034.8,0,13,,,,0,1
13.066327530347566,77.5205343571126,881.0,0.981,1034.8,1,43,128.02,,,0,1
12.909018125238862,77.59479480858352,904.0,1.685,1034.8,0,2,,,,0,1
12.981333377035888,77.60589601040812,916.0,0.655,1034.8,0,0,,,,0,1
13.048966186008519,77.66957125910743,875.0,1.073,1034.8,0,8,,,,0,1
13.105439399483465,77.49214616453027,865.0,0.0,1034.8,0,0,,,,0,1
12.976693715159493,77.56648174820926,896.0,0.797,1034.8,0,2,,,,0,1
13.078321236132998,77.5385088527098,912.0,1.001,1034.8,2,11,137.16,,,0,1
12.929668589404077,77.60021444918002,895.0,0.563,1034.8,0,14,,,,0,1
12.98095768871638,77.54773236037336,879.0,1.527,1034.8,0,3,,,,0,1
12.942862650270827,77.74668922434299,867.0,0.113,1034.8,0,0,,,,0,1
12.985661943124404,77.72758216563487,889.0,0.624,1034.8,0,27,,,,0,1
13.009393319622022,77.4773862549614,875.0,0.359,1034.8,0,0,,,,0,1
13.10878614855202,77.71976809659016,907.0,0.159,1034.8,0,0,,,,0,1
13.102081205415242,77.74764629275441,878.0,0.836,1034.8,0,0,,,,0,1
13.075448353859045,77.51309761086571,870.0,1.646,1034.8,0,17,,,,0,1
12.995073146199033,77.52773613404908,891.0,3.591,1034.8,4,15,224.79,,,0,1
12.976343706206354,77.47986953261902,878.0,1.749,1034.8,0,0,,,,0,1
12.971458342917824,77.76583539733737,866.0,0.513,1034.8,0,0,,,,0,1
12.946271244236499,77.70373448333773,869.0,0.351,1034.8,0,0,,,,0,1
12.988291482411743,77.59231257213165,935.0,0.655,1034.8,0,0,,,,0,1
13.09949572323936,77.76895646944132,863.0,0.17,1034.8,0,0,,,,0,1
13.010598326045477,77.6834714833068,896.0,0.67,1034.8,0,5,,,,0,1
12.921828849960123,77.55333725470068,873.0,2.112,1034.8,0,15,,,,0,1
13.102017691473062,77.64050656266416,913.0,0.599,1034.8,0,9,,,,0,1
13.007593426851445,77.69259577007962,891.0,1.037,1034.8,0,5,,,,0,1
12.900214591107895,77.64204870058447,900.0,0.642,1034.8,0,0,,,,0,1
12.99888303487302,77.72491924236675,873.0,0.0,1034.8,2,19,213.36,,,0,1
12.92241240190761,77.75826560487708,892.0,0.371,1034.8,0,0,,,,0,1
12.905294556843753,77.51911946800888,828.0,1.541,1034.8,0,0,,,,0,1
13.019291442076545,77.6701415427669,903.0,0.314,1034.8,0,21,,,,0,1
12.939629849498676,77.4987712897444,823.0,0.259,1034.8,0,6,,,,0,1
13.08465614732586,77.53775557903549,896.0,1.513,1034.8,0,6,,,,0,1
13.019177217324154,77.65291241779943,906.0,1.157,1034.8,9,64,294.98,,,0,1
12.980369527106546,77.64189276644154,905.0,0.593,1034.8,0,31,,,,0,1
13.003295774260758,77.75021974289992,867.0,0.974,1034.8,0,10,,,,0,1
12.93277912712358,77.68278749257281,875.0,0.162,1034.8,0,0,,,,0,1
12.94040072830581,77.5839121376047,918.0,0.072,1034.8,0,6,,,,0,1
13.036261811700216,77.55435229884343,908.0,0.496,1034.8,2,6,213.36,,,0,1
12.95755620477384,77.69379587117213,876.0,0.261,1034.8,0,5,,,,0,1
12.903619029945181,77.60319916256697,892.0,0.444,1034.8,0,1,,,,0,1
13.108602834843001,77.7691643872294,866.0,0.17,1034.8,0,0,,,,0,1
12.903777898001364,77.52755314183973,853.0,0.678,1034.8,0,0,,,,0,1
12.946270659019932,77.74977324449259,866.0,0.942,1034.8,0,0,,,,0,1
13.082569995955746,77.73311252120928,914.0,1.346,1034.8,0,0,,,,0,1
12.969367124067546,77.51045472598445,862.0,1.739,1034.8,0,12,,,,0,1
13.072138460527889,77.67888319964241,879.0,0.0,1034.8,0,0,,,,0,1
13.022975893843006,77.7664292000383,872.0,0.263,1034.8,0,0,,,,0,1
13.032340201072708,77.46418916392851,857.0,1.872,1034.8,0,0,,,,0,1
13.068454416056671,77.5541614866564,919.0,0.811,1034.8,2,16,198.12,,,0,1
13.03442397405148,77.75152316563188,885.0,0.349,1034.8,0,0,,,,0,1
12.91728917265109,77.49739559511931,796.0,0.653,1034.8,0,7,,,,0,1
12.911255266961177,77.6324964962352,882.0,0.39,1034.8,0,7,,,,0,1
12.947853081331528,77.64842185564257,880.0,0.188,1034.8,0,7,,,,0,1
13.04642829166191,77.52460390900038,922.0,0.543,1034.8,0,48,,,,0,1
13.027970404765732,77.54323884813974,913.0,0.584,1034.8,0,7,,,,0,1
12.995713112619942,77.74115640912814,889.0,0.712,1034.8,1,12,259.08,,,0,1
13.074874516671494,77.49025775334535,891.0,0.0,1034.8,0,3,,,,0,1
12.981332745984792,77.5471568570365,881.0,1.527,1034.8,0,5,,,,0,1
12.888343965924387,77.69973776550852,901.0,0.497,1034.8,0,0,,,,0,1
13.028606982147243,77.54261282225566,912.0,0.584,1034.8,0,7,,,,0,1
13.051657145875515,77.63202026787708,892.0,0.774,1034.8,0,12,,,,0,1
12.982242896245456,77.46475901128093,842.0,1.353,1034.8,0,0,,,,0,1
12.904216937206291,77.73429633433406,893.0,0.333,1034.8,0,0,,,,0,1
13.08767613074336,77.63014088970709,906.0,0.333,1034.8,0,14,,,,0,1
13.072326653072485,77.64153395716136,906.0,0.955,1034.8,3,12,343.41,,,0,1
12.920344890811643,77.50110392257736,790.0,0.653,1034.8,0,6,,,,0,1
12.955803083057633,77.73919529353704,871.0,0.911,1034.8,0,0,,,,0,1
13.063809332589944,77.72738265259,882.0,0.305,1034.8,0,0,,,,0,1
13.08656832958205,77.52660335927241,884.0,0.285,1034.8,0,5,,,,0,1
12.942801390847606,77.49349649488619,839.0,1.365,1034.8,0,5,,,,0,1
13.060265814322952,77.73461366405958,896.0,0.226,1034.8,0,0,,,,0,1
12.977525264825372,77.65330741806345,908.0,2.678,1034.8,0,21,,,,0,1
12.921774945360013,77.74873070215698,890.0,0.111,1034.8,0,0,,,,0,1
13.078970596663353,77.7630263245263,862.0,0.354,1034.8,0,0,,,,0,1
13.067052507990725,77.73377475226188,893.0,0.929,1034.8,0,0,,,,0,1
12.893046353515192,77.68907437659679,890.0,0.92,1034.8,0,0,,,,0,1
12.961100212006787,77.7490191975392,872.0,0.047,1034.8,0,0,,,,0,1
13.065162628468737,77.72841997477245,883.0,0.305,1034.8,0,0,,,,0,1
13.067047548199138,77.5441096411466,922.0,0.356,1034.8,0,25,,,,0,1
13.061872693079465,77.4951326617342,876.0,0.0,1034.8,2,16,243.84,,,0,1
13.080644515400447,77.72673172580333,897.0,1.346,1034.8,0,0,,,,0,1
12.936802710992565,77.71376872696759,869.0,0.339,1034.8,0,0,,,,0,1
12.989463691912633,77.5559550705155,907.0,0.277,1034.8,0,1,,,,0,1
13.063637358675456,77.53200960184111,901.0,0.671,1034.8,7,25,224.68,,,0,1
12.892797974540816,77.5213736938992,819.0,2.812,1034.8,0,0,,,,0,1
12.960231600327855,77.72850913179289,879.0,0.75,1034.8,0,6,,,,0,1
13.101614711188851,77.54791129800401,924.0,1.71,1034.8,0,1,,,,0,1
13.029574076183389,77.58511335134321,927.0,0.465,1034.8,0,5,,,,0,1
13.104771804650074,77.62724795774854,906.0,2.399,1034.8,6,11,230.63,,,0,1
13.095492953547927,77.49736877257084,865.0,0.0,1034.8,0,0,,,,0,1
13.102392109671767,77.51687995666393,884.0,0.597,1034.8,0,0,,,,0,1
13.100650622029187,77.54369632667641,910.0,1.71,1034.8,0,0,,,,0,1
12.911557806317676,77.5958787685105,913.0,0.736,1034.8,0,2,,,,0,1
13.04884867679766,77.5585739370967,931.0,0.231,1034.8,0,15,,,,0,1
13.021765153198034,77.61959708767564,903.0,2.119,1034.8,1,33,243.84,,,0,1
12.972835876206455,77.63970661069479,901.0,0.744,1034.8,0,16,,,,0,1
12.943950996743995,77.68050188587952,875.0,0.075,1034.8,0,0,,,,0,1
12.887933425319709,77.74740194262202,904.0,0.126,1034.8,0,0,,,,0,1
13.006764733828385,77.6837867811561,901.0,0.163,1034.8,0,5,,,,0,1
13.05181635993257,77.668726932697,884.0,1.176,1034.8,0,6,,,,0,1
12.968192534751767,77.48336849827072,848.0,1.749,1034.8,0,0,,,,0,1
13.034611924111767,77.56367274992253,915.0,1.235,1034.8,0,8,,,,0,1
12.95705552899689,77.72346742716398,876.0,0.264,1034.8,0,7,,,,0,1
13.046902517271606,77.5544526500364,929.0,0.231,1034.8,0,14,,,,0,1
12.956030294227725,77.58780260124244,895.0,0.737,1034.8,0,2,,,,0,1
12.97664481208916,77.5530124215683,878.0,0.077,1034.8,0,4,,,,0,1
12.91573873668251,77.59152221592431,908.0,0.537,1034.8,0,1,,,,0,1
13.095742351608273,77.67079125400349,900.0,0.351,1034.8,0,0,,,,0,1
13.087427508547554,77.65171920997311,916.0,0.581,1034.8,0,0,,,,0,1
12.954185088930572,77.6308651363504,900.0,0.44,1034.8,0,41,,,,0,1
12.887648869365822,77.55031485154345,889.0,0.69,1034.8,0,0,,,,0,1
12.98273021797365,77.6407548235683,902.0,0.593,1034.8,0,32,,,,0,1
13.032501659209128,77.60526756558109,908.0,0.404,1034.8,0,35,,,,0,1
12.985446989328894,77.52772197013684,898.0,0.0,1034.8,3,22,150.37,,,0,1
12.992315796953722,77.73987399576565,894.0,0.712,1034.8,0,12,,,,0,1
13.063787737545427,77.51414074671834,885.0,1.497,1034.8,7,50,255.6,,,0,1
12.906331544693428,77.62084039754778,892.0,0.116,1034.8,0,4,,,,0,1
13.027683244294566,77.56521208448993,932.0,1.235,1034.8,0,4,,,,0,1
13.068746497119914,77.69357172241625,900.0,0.075,1034.8,0,0,,,,0,1
13.03650654232197,77.53109776168277,923.0,0.461,1034.8,1,9,213.36,,,0,1
12.931643579286606,77.46931252810018,798.0,0.661,1034.8,0,4,,,,0,1
12.941763711463329,77.60839922500786,905.0,1.605,1034.8,8,21,272.42,,,0,1
13.075679029262192,77.48424935455698,866.0,1.362,1034.8,0,1,,,,0,1
12.979310437660741,77.65611681790338,891.0,2.678,1034.8,1,19,243.84,,,0,1
12.930604239320857,77.67666574357587,877.0,0.162,1034.8,0,0,,,,0,1
12.997007183938544,77.53706713414728,911.0,0.0,1034.8,0,14,,,,0,1
13.032801058847994,77.4634860976085,854.0,1.872,1034.8,0,0,,,,0,1
13.053812021620658,77.69940663351682,877.0,0.135,1034.8,0,0,,,,0,1
12.911155935237016,77.59297256457357,903.0,0.185,1034.8,0,2,,,,0,1
12.926497848916283,77.75739757285122,889.0,0.371,1034.8,0,0,,,,0,1
13.002227594539738,77.4772720923441,870.0,0.359,1034.8,0,0,,,,0,1
12.942728010340803,77.72356650677465,863.0,0.118,1034.8,0,0,,,,0,1
12.98861325769354,77.70908735479188,906.0,0.713,1034.8,1,12,274.32,,,0,1
13.035351363906363,77.76663268366158,875.0,0.125,1034.8,0,0,,,,0,1
13.019383806976672,77.75495152292791,866.0,0.263,1034.8,0,0,,,,0,1
13.084908220011469,77.65083583089034,919.0,0.581,1034.8,0,5,,,,0,1
13.046796185191042,77.61754651299583,884.0,0.896,1034.8,0,11,,,,0,1
13.071435386207945,77.63084499672681,920.0,0.1,1034.8,0,10,,,,0,1
13.086188313142399,77.6912626075178,901.0,0.324,1034.8,0,0,,,,0,1
12.992645274870508,77.54175995670701,911.0,0.0,1034.8,0,14,,,,0,1
12.942294416528313,77.6585534934205,878.0,0.232,1034.8,0,0,,,,0,1
13.057099428311812,77.62264499443984,891.0,0.393,1034.8,0,3,,,,0,1
13.026312329469649,77.54651412453407,911.0,0.287,1034.8,0,6,,,,0,1
12.904712729778698,77.54994899298747,863.0,1.174,1034.8,0,6,,,,0,1
13.00714113993447,77.50447640513951,924.0,2.011,1034.8,1,7,274.32,,,0,1
12.938757053951104,77.67592374837662,874.0,0.075,1034.8,0,0,,,,0,1
13.04395030810319,77.4815956379572,860.0,2.948,1034.8,0,0,,,,0,1
12.977795794053007,77.62922154229267,892.0,0.884,1034.8,1,9,121.92,,,0,1
12.979605594591161,77.52560285159781,871.0,7.352,1034.8,5,23,195.07,,,0,1
12.980572892825787,77.74100272538492,894.0,0.87,1034.8,3,3,248.92,,,0,1
13.016866005193016,77.67640922049536,907.0,0.314,1034.8,0,8,,,,0,1
13.077227477703639,77.69803289262258,908.0,0.823,1034.8,0,0,,,,0,1
12.97177003447019,77.46359449601752,827.0,1.801,1034.8,0,0,,,,0,1
12.965433474288304,77.69429290274257,880.0,0.261,1034.8,0,8,,,,0,1
13.076500427984692,77.75599788186985,867.0,0.268,1034.8,0,0,,,,0,1
12.980324445676285,77.69245385035262,882.0,0.334,1034.8,0,3,,,,0,1
13.008465047522735,77.64793512943173,902.0,1.061,1034.8,6,56,270.26,,,0,1
12.936383179381572,77.52948719991437,815.0,1.69,1034.8,0,8,,,,0,1
12.98404698339306,77.47073188528664,858.0,1.334,1034.8,0,0,,,,0,1
12.96197337516121,77.67135411086844,899.0,0.0,1034.8,12,23,204.22,,,0,1
12.977069050113705,77.51270681378102,881.0,3.289,1034.8,0,16,,,,0,1
12.991032635577945,77.50116017247419,903.0,0.886,1034.8,0,1,,,,0,1
13.025317979562205,77.47009668525922,873.0,0.804,1034.8,0,0,,,,0,1
12.974789568470023,77.63594297960955,895.0,0.629,1034.8,1,14,152.4,,,0,1
12.893559013631096,77.66012368487779,897.0,0.599,1034.8,0,0,,,,0,1
12.917600966680025,77.60425236964363,909.0,0.265,1034.8,0,1,,,,0,1
12.898691313869513,77.57876417786528,899.0,1.401,1034.8,4,10,243.84,,,0,1
12.934417623680442,77.56263765431154,910.0,0.403,1034.8,0,13,,,,0,1
13.056084600111827,77.57877107536581,900.0,1.43,1034.8,0,14,,,,0,1
13.0540434467975,77.71850184285321,875.0,0.276,1034.8,0,0,,,,0,1
12.943408385335173,77.48705077199286,826.0,1.061,1034.8,0,3,,,,0,1
12.891850188386853,77.6282364816746,890.0,0.325,1034.8,0,0,,,,0,1
13.10892459452234,77.56977066230999,900.0,0.787,1034.8,1,3,121.92,,,0,1
13.031491800228217,77.70285883171162,881.0,0.317,1034.8,0,0,,,,0,1
13.031848356105824,77.69452684137354,886.0,0.317,1034.8,0,2,,,,0,1
13.097789743059062,77.52329651041299,893.0,0.597,1034.8,0,0,,,,0,1
12.892070850514479,77.50879927761511,839.0,0.839,1034.8,0,0,,,,0,1
12.915502556743501,77.66836598269664,896.0,0.274,1034.8,0,0,,,,0,1
13.01241396986516,77.52903754953651,893.0,1.348,1034.8,0,11,,,,0,1
13.042410752124301,77.69843515176414,880.0,0.275,1034.8,0,1,,,,0,1
12.924705167293624,77.64916793312977,878.0,0.642,1034.8,0,4,,,,0,1
13.053139268383774,77.4971191569103,888.0,0.179,1034.8,0,29,,,,0,1
13.068940809776034,77.75948204223369,872.0,0.311,1034.8,0,0,,,,0,1
12.911490549791699,77.46969920803797,811.0,1.789,1034.8,0,5,,,,0,1
12.956621966507564,77.67080030863832,903.0,0.428,1034.8,0,22,,,,0,1
13.099685051959051,77.58418018072538,923.0,0.962,1034.8,0,10,,,,0,1
13.045853245492081,77.4852270570835,883.0,2.948,1034.8,0,1,,,,0,1
13.040451363085738,77.65533823982811,883.0,0.517,1034.8,6,61,242.82,,,0,1
12.910118522407462,77.70015796621064,897.0,0.128,1034.8,0,0,,,,0,1
13.075802019028913,77.6470584218628,903.0,1.317,1034.8,0,11,,,,0,1
12.914358896634992,77.76538346381132,884.0,0.333,1034.8,0,0,,,,0,1
13.06082350878948,77.5689199987516,898.0,1.836,1034.8,1,19,152.4,,,0,1
12.982395894837987,77.57613094897563,913.0,0.797,1034.8,0,0,,,,0,1
12.99957163538345,77.56707689317514,930.0,1.495,1034.8,0,1,,,,0,1
13.075643149758928,77.71554138733708,894.0,0.732,1034.8,0,0,,,,0,1
12.910923828416392,77.75826827851702,889.0,0.333,1034.8,0,0,,,,0,1
13.028268644299375,77.71750910393149,875.0,0.211,1034.8,0,2,,,,0,1
13.044147231395513,77.5961637200265,890.0,0.0,1034.8,1,14,152.4,,,0,1
13.050011007174309,77.75971440061768,880.0,0.16,1034.8,0,0,,,,0,1
12.94735146140662,77.71118042972846,874.0,0.351,1034.8,0,0,,,,0,1
13.006702947066954,77.61097942871334,917.0,0.845,1034.8,0,18,,,,0,1
12.98398909470816,77.68736530357728,886.0,0.334,1034.8,0,4,,,,0,1
12.946978014586566,77.724608570903,864.0,0.118,1034.8,0,0,,,,0,1
13.071471217348115,77.4885186503626,891.0,0.0,1034.8,0,2,,,,0,1
13.082739801301638,77.5370297941537,890.0,1.513,1034.8,0,9,,,,0,1
12.990438948587423,77.65011970193531,912.0,0.17,1034.8,0,43,,,,0,1
12.97146192608374,77.47063164711187,851.0,1.801,1034.8,0,0,,,,0,1
13.07594804461987,77.51788968887972,885.0,1.646,1034.8,0,21,,,,0,1
12.93451936515189,77.70798127832302,873.0,0.339,1034.8,0,0,,,,0,1
12.962905255132767,77.73343646383351,887.0,0.75,1034.8,0,6,,,,0,1
13.042791265751045,77.54702982486691,916.0,0.805,1034.8,0,2,,,,0,1
12.88980631462112,77.75434142312653,887.0,1.528,1034.8,0,0,,,,0,1
12.906512511196038,77.68398572089457,888.0,0.284,1034.8,0,0,,,,0,1
